date_str,hour_str,rule_pred_label,message_volume
2026-09-01,08,Spam,7
2026-09-01,08,Fraud,3
2026-09-01,09,Spam,2
2026-09-01,09,Fraud,1
2026-09-01,10,Spam,2
2026-09-01,10,Fraud,2
2026-09-01,11,Spam,4
2026-09-01,12,Fraud,2
2026-09-01,12,Spam,2
2026-09-01,13,Fraud,2
2026-09-01,13,Spam,2
2026-09-01,14,Spam,5
2026-09-01,14,Fraud,1
2026-09-01,15,Spam,1
2026-09-01,16,Spam,2
2026-09-01,17,Spam,7
2026-09-01,18,Fraud,2
2026-09-01,18,Spam,5
2026-09-01,19,Spam,3
2026-09-01,19,Fraud,1
2026-09-01,20,Spam,7
2026-09-01,21,Spam,2
2026-09-01,21,Fraud,1
2026-09-01,22,Spam,2
2026-09-01,22,Fraud,1
2026-09-01,23,Spam,5
2026-09-01,23,Fraud,1
2026-09-02,00,Spam,1
2026-09-02,01,Fraud,3
2026-09-02,01,Spam,7
2026-09-02,02,Spam,1
2026-09-02,03,Spam,1
2026-09-02,04,Spam,4
2026-09-02,05,Spam,7
2026-09-02,06,Spam,6
2026-09-02,07,Spam,6
2026-09-02,07,Fraud,1
2026-09-02,08,Spam,5
2026-09-02,09,Spam,3
2026-09-02,10,Spam,3
2026-09-02,11,Spam,2
2026-09-02,12,Spam,7
2026-09-02,12,Fraud,1
2026-09-02,13,Spam,8
2026-09-02,13,Fraud,1
2026-09-02,14,Spam,4
2026-09-02,14,Fraud,2
2026-09-02,15,Spam,5
2026-09-02,15,Fraud,3
2026-09-02,16,Spam,6
2026-09-02,16,Fraud,1
2026-09-02,17,Spam,4
2026-09-02,17,Fraud,1
2026-09-02,18,Spam,2
2026-09-02,18,Fraud,2
2026-09-02,19,Spam,4
2026-09-02,19,Fraud,2
2026-09-02,20,Spam,4
2026-09-02,20,Fraud,1
2026-09-02,21,Spam,2
2026-09-02,21,Fraud,1
2026-09-02,22,Spam,5
2026-09-02,23,Spam,4
2026-09-03,00,Spam,5
2026-09-03,00,Fraud,1
2026-09-03,01,Spam,5
2026-09-03,02,Spam,2
2026-09-03,03,Spam,6
2026-09-03,04,Spam,11
2026-09-03,04,Fraud,1
2026-09-03,05,Spam,3
2026-09-03,05,Fraud,1
2026-09-03,06,Spam,4
2026-09-03,06,Fraud,2
2026-09-03,07,Spam,4
2026-09-03,07,Fraud,2
2026-09-03,08,Spam,4
2026-09-03,09,Spam,8
2026-09-03,09,Fraud,1
2026-09-03,10,Spam,3
2026-09-03,11,Spam,1
2026-09-03,11,Fraud,1
2026-09-03,12,Spam,5
2026-09-03,12,Fraud,1
2026-09-03,13,Spam,4
2026-09-03,13,Fraud,1
2026-09-03,14,Spam,1
2026-09-03,15,Spam,5
2026-09-03,15,Fraud,1
2026-09-03,16,Fraud,1
2026-09-03,16,Spam,8
2026-09-03,17,Spam,4
2026-09-03,18,Spam,7
2026-09-03,18,Fraud,1
2026-09-03,20,Spam,3
2026-09-03,21,Spam,4
2026-09-03,22,Spam,5
2026-09-03,23,Spam,1
2026-09-04,00,Spam,4
2026-09-04,00,Fraud,2
2026-09-04,01,Spam,6
2026-09-04,01,Fraud,1
2026-09-04,02,Spam,3
2026-09-04,02,Fraud,1
2026-09-04,03,Spam,4
2026-09-04,04,Spam,4
2026-09-04,05,Spam,8
2026-09-04,06,Spam,3
2026-09-04,06,Fraud,1
2026-09-04,07,Spam,5
2026-09-04,07,Fraud,1
2026-09-04,08,Spam,6
2026-09-04,09,Fraud,1
2026-09-04,09,Spam,6
2026-09-04,10,Spam,4
2026-09-04,10,Fraud,1
2026-09-04,11,Spam,5
2026-09-04,11,Fraud,1
2026-09-04,12,Fraud,1
2026-09-04,12,Spam,2
2026-09-04,13,Spam,6
2026-09-04,14,Spam,3
2026-09-04,15,Spam,7
2026-09-04,15,Fraud,2
2026-09-04,16,Spam,6
2026-09-04,17,Spam,6
2026-09-04,18,Fraud,1
2026-09-04,18,Spam,3
2026-09-04,19,Spam,4
2026-09-04,20,Spam,3
2026-09-04,20,Fraud,1
2026-09-04,21,Spam,3
2026-09-04,22,Spam,5
2026-09-04,23,Spam,1
2026-09-04,23,Fraud,1
2026-09-05,00,Fraud,1
2026-09-05,00,Spam,2
2026-09-05,01,Spam,2
2026-09-05,02,Spam,3
2026-09-05,02,Fraud,1
2026-09-05,03,Spam,5
2026-09-05,03,Fraud,1
2026-09-05,04,Spam,7
2026-09-05,05,Spam,4
2026-09-05,06,Fraud,1
2026-09-05,06,Spam,2
2026-09-05,07,Spam,2
2026-09-05,07,Fraud,1
2026-09-05,08,Spam,4
2026-09-05,09,Spam,6
2026-09-05,09,Fraud,2
2026-09-05,10,Spam,4
2026-09-05,10,Fraud,2
2026-09-05,11,Fraud,3
2026-09-05,11,Spam,1
2026-09-05,12,Spam,5
2026-09-05,13,Spam,6
2026-09-05,14,Spam,3
2026-09-05,15,Fraud,2
2026-09-05,15,Spam,3
2026-09-05,16,Fraud,3
2026-09-05,16,Spam,3
2026-09-05,17,Fraud,1
2026-09-05,17,Spam,1
2026-09-05,18,Spam,3
2026-09-05,19,Spam,5
2026-09-05,19,Fraud,1
2026-09-05,20,Spam,8
2026-09-05,21,Spam,9
2026-09-05,21,Fraud,2
2026-09-05,22,Spam,3
2026-09-05,22,Fraud,2
2026-09-05,23,Spam,6
2026-09-06,00,Spam,5
2026-09-06,00,Fraud,2
2026-09-06,01,Fraud,1
2026-09-06,01,Spam,2
2026-09-06,02,Spam,1
2026-09-06,03,Fraud,1
2026-09-06,03,Spam,5
2026-09-06,04,Fraud,3
2026-09-06,04,Spam,3
2026-09-06,05,Spam,7
2026-09-06,06,Spam,4
2026-09-06,07,Spam,3
2026-09-06,08,Fraud,1
2026-09-06,08,Spam,2
2026-09-06,09,Fraud,2
2026-09-06,09,Spam,3
2026-09-06,10,Spam,4
2026-09-06,10,Fraud,1
2026-09-06,11,Spam,7
2026-09-06,11,Fraud,1
2026-09-06,12,Spam,5
2026-09-06,12,Fraud,1
2026-09-06,13,Spam,8
2026-09-06,13,Fraud,1
2026-09-06,14,Spam,4
2026-09-06,15,Fraud,2
2026-09-06,15,Spam,5
2026-09-06,16,Spam,8
2026-09-06,16,Fraud,1
2026-09-06,17,Fraud,1
2026-09-06,18,Fraud,1
2026-09-06,18,Spam,1
2026-09-06,19,Spam,4
2026-09-06,19,Fraud,1
2026-09-06,20,Spam,6
2026-09-06,21,Fraud,4
2026-09-06,21,Spam,3
2026-09-06,22,Fraud,2
2026-09-06,22,Spam,2
2026-09-06,23,Spam,3
2026-09-06,23,Fraud,1
2026-09-07,00,Spam,5
2026-09-07,01,Spam,4
2026-09-07,01,Fraud,1
2026-09-07,02,Spam,4
2026-09-07,03,Spam,7
2026-09-07,03,Fraud,2
2026-09-07,04,Fraud,2
2026-09-07,04,Spam,4
2026-09-07,05,Fraud,2
2026-09-07,05,Spam,2
2026-09-07,06,Spam,2
2026-09-07,06,Fraud,1
2026-09-07,07,Spam,5
2026-09-07,08,Spam,9
2026-09-07,09,Spam,7
2026-09-07,09,Fraud,2
2026-09-07,10,Spam,4
2026-09-07,11,Spam,3
2026-09-07,12,Spam,4
2026-09-07,12,Fraud,1
2026-09-07,13,Spam,3
2026-09-07,13,Fraud,1
2026-09-07,14,Spam,10
2026-09-07,14,Fraud,1
2026-09-07,15,Spam,2
2026-09-07,15,Fraud,1
2026-09-07,16,Spam,7
2026-09-07,16,Fraud,2
2026-09-07,17,Spam,2
2026-09-07,17,Fraud,1
2026-09-07,18,Spam,2
2026-09-07,18,Fraud,2
2026-09-07,19,Spam,5
2026-09-07,19,Fraud,1
2026-09-07,20,Spam,3
2026-09-07,20,Fraud,1
2026-09-07,21,Spam,2
2026-09-07,22,Spam,4
2026-09-07,23,Spam,3
2026-09-07,23,Fraud,1
2026-09-08,00,Spam,5
2026-09-08,01,Spam,5
2026-09-08,01,Fraud,1
2026-09-08,02,Spam,4
2026-09-08,03,Spam,6
2026-09-08,03,Fraud,1
2026-09-08,04,Fraud,1
2026-09-08,04,Spam,6
2026-09-08,05,Spam,2
2026-09-08,05,Fraud,1
2026-09-08,06,Fraud,1
2026-09-08,06,Spam,6
2026-09-08,07,Spam,4
2026-09-08,07,Fraud,2
2026-09-08,08,Fraud,2
2026-09-08,08,Spam,10
2026-09-08,09,Spam,2
2026-09-08,09,Fraud,1
2026-09-08,10,Spam,1
2026-09-08,10,Fraud,2
2026-09-08,11,Fraud,2
2026-09-08,11,Spam,2
2026-09-08,12,Fraud,1
2026-09-08,12,Spam,2
2026-09-08,13,Spam,2
2026-09-08,13,Fraud,2
2026-09-08,14,Spam,2
2026-09-08,15,Spam,4
2026-09-08,15,Fraud,2
2026-09-08,16,Spam,4
2026-09-08,16,Fraud,1
2026-09-08,17,Spam,5
2026-09-08,17,Fraud,1
2026-09-08,18,Spam,5
2026-09-08,19,Spam,3
2026-09-08,20,Spam,7
2026-09-08,20,Fraud,1
2026-09-08,21,Spam,7
2026-09-08,22,Spam,4
2026-09-08,23,Fraud,1
2026-09-08,23,Spam,3
2026-09-09,00,Spam,2
2026-09-09,01,Spam,3
2026-09-09,01,Fraud,1
2026-09-09,02,Spam,4
2026-09-09,02,Fraud,1
2026-09-09,03,Spam,2
2026-09-09,04,Spam,4
2026-09-09,04,Fraud,1
2026-09-09,05,Spam,4
2026-09-09,05,Fraud,1
2026-09-09,06,Spam,8
2026-09-09,06,Fraud,3
2026-09-09,07,Spam,8
2026-09-09,07,Fraud,1
2026-09-09,08,Spam,2
2026-09-09,08,Fraud,1
2026-09-09,09,Spam,3
2026-09-09,09,Fraud,2
2026-09-09,10,Spam,5
2026-09-09,10,Fraud,1
2026-09-09,11,Spam,9
2026-09-09,11,Fraud,2
2026-09-09,12,Fraud,3
2026-09-09,12,Spam,1
2026-09-09,13,Spam,2
2026-09-09,13,Fraud,1
2026-09-09,14,Spam,5
2026-09-09,15,Fraud,1
2026-09-09,15,Spam,4
2026-09-09,16,Spam,1
2026-09-09,16,Fraud,1
2026-09-09,17,Spam,6
2026-09-09,18,Spam,3
2026-09-09,19,Spam,3
2026-09-09,19,Fraud,2
2026-09-09,20,Spam,3
2026-09-09,21,Spam,7
2026-09-09,21,Fraud,1
2026-09-09,22,Spam,3
2026-09-09,23,Spam,3
2026-09-09,23,Fraud,1
2026-09-10,00,Spam,1
2026-09-10,01,Spam,3
2026-09-10,02,Spam,7
2026-09-10,02,Fraud,1
2026-09-10,03,Spam,7
2026-09-10,04,Spam,7
2026-09-10,04,Fraud,1
2026-09-10,05,Spam,4
2026-09-10,05,Fraud,1
2026-09-10,06,Fraud,2
2026-09-10,06,Spam,3
2026-09-10,07,Spam,4
2026-09-10,08,Spam,3
2026-09-10,08,Fraud,2
2026-09-10,09,Spam,7
2026-09-10,09,Fraud,2
2026-09-10,10,Spam,6
2026-09-10,10,Fraud,1
2026-09-10,11,Fraud,1
2026-09-10,11,Spam,2
2026-09-10,12,Spam,7
2026-09-10,13,Fraud,2
2026-09-10,13,Spam,7
2026-09-10,14,Spam,6
2026-09-10,14,Fraud,1
2026-09-10,15,Fraud,3
2026-09-10,15,Spam,5
2026-09-10,16,Spam,4
2026-09-10,17,Spam,9
2026-09-10,18,Spam,3
2026-09-10,19,Spam,6
2026-09-10,19,Fraud,1
2026-09-10,20,Fraud,2
2026-09-10,20,Spam,5
2026-09-10,21,Spam,6
2026-09-10,21,Fraud,2
2026-09-10,22,Spam,3
2026-09-10,22,Fraud,1
2026-09-10,23,Spam,4
2026-09-10,23,Fraud,1
2026-09-11,00,Spam,5
2026-09-11,01,Fraud,2
2026-09-11,01,Spam,4
2026-09-11,02,Spam,7
2026-09-11,03,Spam,4
2026-09-11,04,Fraud,2
2026-09-11,04,Spam,5
2026-09-11,05,Spam,3
2026-09-11,06,Spam,6
2026-09-11,07,Spam,2
2026-09-11,07,Fraud,1
2026-09-11,08,Spam,4
2026-09-11,08,Fraud,3
2026-09-11,09,Spam,2
2026-09-11,09,Fraud,1
2026-09-11,10,Spam,5
2026-09-11,10,Fraud,2
2026-09-11,11,Spam,1
2026-09-11,12,Fraud,2
2026-09-11,12,Spam,1
2026-09-11,13,Spam,8
2026-09-11,13,Fraud,1
2026-09-11,14,Spam,6
2026-09-11,14,Fraud,1
2026-09-11,15,Spam,5
2026-09-11,15,Fraud,1
2026-09-11,16,Fraud,1
2026-09-11,16,Spam,4
2026-09-11,17,Spam,4
2026-09-11,18,Fraud,1
2026-09-11,18,Spam,7
2026-09-11,19,Fraud,2
2026-09-11,19,Spam,1
2026-09-11,20,Spam,2
2026-09-11,21,Spam,2
2026-09-11,21,Fraud,2
2026-09-11,22,Fraud,1
2026-09-11,22,Spam,4
2026-09-11,23,Fraud,2
2026-09-11,23,Spam,3
2026-09-12,00,Spam,3
2026-09-12,00,Fraud,3
2026-09-12,01,Spam,6
2026-09-12,01,Fraud,1
2026-09-12,02,Spam,2
2026-09-12,03,Spam,2
2026-09-12,04,Spam,4
2026-09-12,05,Spam,4
2026-09-12,05,Fraud,1
2026-09-12,06,Spam,6
2026-09-12,06,Fraud,2
2026-09-12,07,Fraud,2
2026-09-12,07,Spam,6
2026-09-12,08,Fraud,2
2026-09-12,08,Spam,5
2026-09-12,09,Fraud,1
2026-09-12,10,Spam,2
2026-09-12,10,Fraud,2
2026-09-12,11,Fraud,1
2026-09-12,11,Spam,6
2026-09-12,12,Spam,3
2026-09-12,13,Spam,6
2026-09-12,14,Spam,3
2026-09-12,15,Fraud,2
2026-09-12,15,Spam,3
2026-09-12,16,Fraud,1
2026-09-12,16,Spam,3
2026-09-12,17,Spam,10
2026-09-12,18,Spam,3
2026-09-12,18,Fraud,2
2026-09-12,19,Spam,2
2026-09-12,20,Spam,3
2026-09-12,20,Fraud,2
2026-09-12,21,Spam,1
2026-09-12,22,Spam,5
2026-09-12,22,Fraud,2
2026-09-12,23,Spam,3
2026-09-12,23,Fraud,1
2026-09-13,00,Spam,2
2026-09-13,01,Spam,5
2026-09-13,02,Spam,3
2026-09-13,02,Fraud,1
2026-09-13,03,Spam,5
2026-09-13,03,Fraud,1
2026-09-13,04,Spam,4
2026-09-13,05,Spam,4
2026-09-13,05,Fraud,1
2026-09-13,06,Spam,4
2026-09-13,06,Fraud,1
2026-09-13,07,Spam,7
2026-09-13,07,Fraud,1
2026-09-13,08,Fraud,1
2026-09-13,08,Spam,3
2026-09-13,09,Spam,6
2026-09-13,10,Spam,5
2026-09-13,10,Fraud,3
2026-09-13,11,Spam,7
2026-09-13,11,Fraud,1
2026-09-13,12,Spam,1
2026-09-13,12,Fraud,1
2026-09-13,13,Spam,3
2026-09-13,14,Spam,4
2026-09-13,14,Fraud,2
2026-09-13,15,Spam,2
2026-09-13,15,Fraud,1
2026-09-13,16,Spam,3
2026-09-13,17,Fraud,2
2026-09-13,17,Spam,2
2026-09-13,18,Spam,2
2026-09-13,19,Spam,6
2026-09-13,19,Fraud,3
2026-09-13,20,Spam,4
2026-09-13,20,Fraud,1
2026-09-13,21,Spam,5
2026-09-13,21,Fraud,3
2026-09-13,22,Spam,7
2026-09-13,22,Fraud,1
2026-09-13,23,Spam,3
2026-09-14,00,Spam,3
2026-09-14,00,Fraud,1
2026-09-14,01,Fraud,3
2026-09-14,01,Spam,5
2026-09-14,02,Spam,3
2026-09-14,02,Fraud,1
2026-09-14,03,Spam,5
2026-09-14,03,Fraud,1
2026-09-14,04,Fraud,2
2026-09-14,04,Spam,6
2026-09-14,05,Spam,3
2026-09-14,05,Fraud,1
2026-09-14,06,Fraud,1
2026-09-14,06,Spam,5
2026-09-14,07,Spam,3
2026-09-14,07,Fraud,1
2026-09-14,08,Spam,5
2026-09-14,09,Spam,4
2026-09-14,09,Fraud,1
2026-09-14,10,Spam,3
2026-09-14,10,Fraud,1
2026-09-14,11,Spam,2
2026-09-14,11,Fraud,1
2026-09-14,12,Spam,4
2026-09-14,12,Fraud,1
2026-09-14,13,Spam,5
2026-09-14,14,Spam,3
2026-09-14,15,Spam,2
2026-09-14,16,Fraud,1
2026-09-14,16,Spam,3
2026-09-14,17,Spam,3
2026-09-14,17,Fraud,1
2026-09-14,18,Fraud,2
2026-09-14,18,Spam,3
2026-09-14,19,Spam,3
2026-09-14,20,Spam,1
2026-09-14,21,Spam,3
2026-09-14,22,Spam,2
2026-09-14,23,Spam,7
2026-09-14,23,Fraud,1
2026-09-15,00,Spam,6
2026-09-15,01,Fraud,1
2026-09-15,01,Spam,1
2026-09-15,02,Fraud,1
2026-09-15,02,Spam,5
2026-09-15,03,Spam,6
2026-09-15,03,Fraud,2
2026-09-15,04,Spam,3
2026-09-15,05,Spam,3
2026-09-15,06,Fraud,1
2026-09-15,06,Spam,3
2026-09-15,07,Spam,3
2026-09-15,08,Fraud,2
2026-09-15,08,Spam,3
2026-09-15,09,Spam,4
2026-09-15,09,Fraud,2
2026-09-15,10,Spam,2
2026-09-15,10,Fraud,1
2026-09-15,11,Spam,4
2026-09-15,11,Fraud,2
2026-09-15,12,Spam,3
2026-09-15,13,Spam,3
2026-09-15,14,Spam,5
2026-09-15,15,Spam,7
2026-09-15,16,Spam,5
2026-09-15,16,Fraud,1
2026-09-15,17,Spam,4
2026-09-15,17,Fraud,1
2026-09-15,18,Spam,4
2026-09-15,19,Spam,2
2026-09-15,20,Spam,5
2026-09-15,21,Spam,3
2026-09-15,21,Fraud,1
2026-09-15,22,Spam,3
2026-09-15,22,Fraud,1
2026-09-15,23,Spam,5
2026-09-16,00,Spam,4
2026-09-16,00,Fraud,1
2026-09-16,01,Spam,9
2026-09-16,02,Fraud,4
2026-09-16,02,Spam,5
2026-09-16,03,Spam,4
2026-09-16,03,Fraud,1
2026-09-16,04,Fraud,2
2026-09-16,04,Spam,1
2026-09-16,05,Spam,9
2026-09-16,06,Spam,3
2026-09-16,07,Spam,3
2026-09-16,08,Fraud,1
2026-09-16,08,Spam,5
2026-09-16,09,Fraud,3
2026-09-16,09,Spam,3
2026-09-16,10,Spam,7
2026-09-16,11,Spam,5
2026-09-16,12,Spam,3
2026-09-16,13,Spam,10
2026-09-16,13,Fraud,1
2026-09-16,14,Spam,5
2026-09-16,15,Spam,2
2026-09-16,16,Spam,9
2026-09-16,16,Fraud,1
2026-09-16,17,Spam,6
2026-09-16,18,Spam,5
2026-09-16,19,Spam,7
2026-09-16,19,Fraud,1
2026-09-16,20,Spam,6
2026-09-16,21,Spam,4
2026-09-16,22,Spam,8
2026-09-16,23,Spam,8
2026-09-17,00,Spam,4
2026-09-17,01,Spam,3
2026-09-17,01,Fraud,2
2026-09-17,02,Spam,5
2026-09-17,02,Fraud,1
2026-09-17,03,Spam,6
2026-09-17,03,Fraud,1
2026-09-17,04,Spam,7
2026-09-17,05,Spam,4
2026-09-17,05,Fraud,1
2026-09-17,06,Spam,1
2026-09-17,07,Fraud,3
2026-09-17,07,Spam,3
2026-09-17,08,Fraud,1
2026-09-17,08,Spam,3
2026-09-17,09,Spam,3
2026-09-17,09,Fraud,1
2026-09-17,10,Spam,4
2026-09-17,11,Spam,4
2026-09-17,11,Fraud,1
2026-09-17,12,Spam,4
2026-09-17,12,Fraud,1
2026-09-17,13,Spam,3
2026-09-17,13,Fraud,1
2026-09-17,14,Spam,1
2026-09-17,14,Fraud,1
2026-09-17,15,Fraud,2
2026-09-17,15,Spam,3
2026-09-17,16,Spam,4
2026-09-17,18,Fraud,1
2026-09-17,18,Spam,6
2026-09-17,19,Fraud,1
2026-09-17,19,Spam,8
2026-09-17,20,Spam,3
2026-09-17,20,Fraud,1
2026-09-17,21,Spam,3
2026-09-17,21,Fraud,2
2026-09-17,22,Spam,1
2026-09-17,23,Spam,3
2026-09-17,23,Fraud,1
2026-09-18,00,Spam,4
2026-09-18,01,Spam,2
2026-09-18,01,Fraud,1
2026-09-18,02,Fraud,2
2026-09-18,02,Spam,7
2026-09-18,03,Spam,5
2026-09-18,04,Spam,3
2026-09-18,04,Fraud,1
2026-09-18,05,Fraud,2
2026-09-18,05,Spam,6
2026-09-18,06,Fraud,1
2026-09-18,06,Spam,4
2026-09-18,07,Fraud,3
2026-09-18,07,Spam,5
2026-09-18,08,Fraud,1
2026-09-18,08,Spam,2
2026-09-18,09,Spam,4
2026-09-18,09,Fraud,3
2026-09-18,10,Spam,2
2026-09-18,11,Fraud,2
2026-09-18,11,Spam,3
2026-09-18,12,Spam,3
2026-09-18,12,Fraud,1
2026-09-18,13,Fraud,2
2026-09-18,13,Spam,6
2026-09-18,14,Fraud,1
2026-09-18,14,Spam,6
2026-09-18,15,Fraud,1
2026-09-18,15,Spam,5
2026-09-18,16,Fraud,1
2026-09-18,16,Spam,8
2026-09-18,17,Spam,6
2026-09-18,17,Fraud,1
2026-09-18,18,Spam,2
2026-09-18,18,Fraud,2
2026-09-18,19,Spam,4
2026-09-18,19,Fraud,1
2026-09-18,20,Spam,7
2026-09-18,21,Spam,1
2026-09-18,22,Spam,3
2026-09-18,23,Spam,1
2026-09-19,00,Spam,3
2026-09-19,00,Fraud,1
2026-09-19,01,Spam,5
2026-09-19,02,Spam,8
2026-09-19,03,Spam,2
2026-09-19,04,Fraud,1
2026-09-19,04,Spam,3
2026-09-19,05,Spam,3
2026-09-19,05,Fraud,1
2026-09-19,06,Spam,4
2026-09-19,06,Fraud,1
2026-09-19,07,Spam,5
2026-09-19,07,Fraud,4
2026-09-19,08,Spam,9
2026-09-19,08,Fraud,1
2026-09-19,09,Spam,5
2026-09-19,10,Spam,8
2026-09-19,10,Fraud,2
2026-09-19,11,Fraud,1
2026-09-19,11,Spam,1
2026-09-19,12,Fraud,1
2026-09-19,12,Spam,1
2026-09-19,13,Spam,5
2026-09-19,13,Fraud,2
2026-09-19,14,Spam,3
2026-09-19,15,Spam,6
2026-09-19,16,Spam,1
2026-09-19,17,Spam,4
2026-09-19,18,Spam,3
2026-09-19,19,Spam,10
2026-09-19,19,Fraud,2
2026-09-19,20,Spam,3
2026-09-19,20,Fraud,3
2026-09-19,21,Fraud,2
2026-09-19,22,Spam,4
2026-09-19,22,Fraud,2
2026-09-19,23,Spam,2
2026-09-20,00,Spam,3
2026-09-20,00,Fraud,1
2026-09-20,01,Spam,4
2026-09-20,01,Fraud,1
2026-09-20,02,Spam,4
2026-09-20,02,Fraud,1
2026-09-20,03,Spam,2
2026-09-20,04,Spam,1
2026-09-20,04,Fraud,1
2026-09-20,05,Spam,4
2026-09-20,05,Fraud,2
2026-09-20,06,Spam,2
2026-09-20,07,Spam,3
2026-09-20,08,Spam,4
2026-09-20,09,Spam,1
2026-09-20,09,Fraud,4
2026-09-20,10,Spam,1
2026-09-20,10,Fraud,2
2026-09-20,11,Spam,3
2026-09-20,12,Spam,1
2026-09-20,13,Spam,4
2026-09-20,13,Fraud,1
2026-09-20,14,Spam,9
2026-09-20,15,Spam,3
2026-09-20,16,Spam,3
2026-09-20,17,Spam,2
2026-09-20,18,Spam,5
2026-09-20,19,Fraud,5
2026-09-20,19,Spam,1
2026-09-20,20,Spam,5
2026-09-20,21,Spam,5
2026-09-20,21,Fraud,4
2026-09-20,22,Spam,3
2026-09-20,22,Fraud,3
2026-09-20,23,Fraud,1
2026-09-20,23,Spam,4
2026-09-21,00,Spam,3
2026-09-21,01,Fraud,2
2026-09-21,01,Spam,3
2026-09-21,02,Spam,7
2026-09-21,03,Fraud,2
2026-09-21,03,Spam,9
2026-09-21,04,Fraud,1
2026-09-21,04,Spam,4
2026-09-21,05,Fraud,1
2026-09-21,05,Spam,2
2026-09-21,06,Fraud,3
2026-09-21,06,Spam,5
2026-09-21,07,Spam,2
2026-09-21,07,Fraud,2
2026-09-21,08,Fraud,2
2026-09-21,08,Spam,7
2026-09-21,09,Spam,4
2026-09-21,09,Fraud,1
2026-09-21,10,Spam,3
2026-09-21,10,Fraud,1
2026-09-21,11,Spam,2
2026-09-21,12,Spam,3
2026-09-21,12,Fraud,1
2026-09-21,13,Spam,5
2026-09-21,14,Spam,4
2026-09-21,14,Fraud,1
2026-09-21,15,Spam,3
2026-09-21,16,Fraud,1
2026-09-21,16,Spam,2
2026-09-21,17,Fraud,1
2026-09-21,17,Spam,1
2026-09-21,18,Spam,5
2026-09-21,18,Fraud,1
2026-09-21,19,Spam,1
2026-09-21,19,Fraud,1
2026-09-21,20,Fraud,1
2026-09-21,20,Spam,2
2026-09-21,21,Fraud,4
2026-09-21,21,Spam,4
2026-09-21,22,Fraud,1
2026-09-21,22,Spam,4
2026-09-21,23,Spam,4
2026-09-21,23,Fraud,1
2026-09-22,00,Spam,6
2026-09-22,00,Fraud,1
2026-09-22,01,Spam,2
2026-09-22,01,Fraud,1
2026-09-22,02,Spam,4
2026-09-22,03,Spam,6
2026-09-22,04,Spam,2
2026-09-22,05,Spam,6
2026-09-22,06,Spam,5
2026-09-22,06,Fraud,2
2026-09-22,07,Fraud,1
2026-09-22,07,Spam,7
2026-09-22,09,Spam,1
2026-09-22,10,Spam,5
2026-09-22,11,Spam,7
2026-09-22,11,Fraud,1
2026-09-22,13,Spam,1
2026-09-22,14,Spam,2
2026-09-22,15,Spam,6
2026-09-22,16,Spam,3
2026-09-22,17,Spam,7
2026-09-22,18,Fraud,2
2026-09-22,18,Spam,3
2026-09-22,19,Spam,4
2026-09-22,20,Spam,7
2026-09-22,21,Spam,7
2026-09-22,21,Fraud,1
2026-09-22,22,Spam,4
2026-09-22,22,Fraud,1
2026-09-22,23,Spam,5
2026-09-22,23,Fraud,1
2026-09-23,00,Fraud,3
2026-09-23,00,Spam,7
2026-09-23,01,Fraud,3
2026-09-23,01,Spam,2
2026-09-23,02,Spam,6
2026-09-23,02,Fraud,3
2026-09-23,03,Spam,6
2026-09-23,04,Spam,3
2026-09-23,04,Fraud,1
2026-09-23,05,Spam,2
2026-09-23,06,Spam,3
2026-09-23,07,Spam,6
2026-09-23,07,Fraud,1
2026-09-23,08,Spam,6
2026-09-23,08,Fraud,2
2026-09-23,09,Spam,3
2026-09-23,09,Fraud,1
2026-09-23,10,Spam,5
2026-09-23,10,Fraud,1
2026-09-23,11,Spam,3
2026-09-23,11,Fraud,1
2026-09-23,12,Fraud,3
2026-09-23,12,Spam,3
2026-09-23,13,Spam,4
2026-09-23,13,Fraud,3
2026-09-23,14,Spam,6
2026-09-23,15,Spam,3
2026-09-23,15,Fraud,1
2026-09-23,16,Spam,6
2026-09-23,17,Spam,4
2026-09-23,17,Fraud,2
2026-09-23,18,Fraud,1
2026-09-23,18,Spam,7
2026-09-23,19,Fraud,1
2026-09-23,19,Spam,5
2026-09-23,20,Spam,7
2026-09-23,21,Spam,3
2026-09-23,21,Fraud,1
2026-09-23,22,Spam,5
2026-09-23,23,Fraud,1
2026-09-23,23,Spam,2
2026-09-24,00,Fraud,2
2026-09-24,00,Spam,5
2026-09-24,01,Spam,6
2026-09-24,02,Spam,2
2026-09-24,03,Spam,3
2026-09-24,04,Spam,3
2026-09-24,04,Fraud,1
2026-09-24,05,Fraud,2
2026-09-24,05,Spam,3
2026-09-24,06,Spam,2
2026-09-24,06,Fraud,2
2026-09-24,07,Spam,6
2026-09-24,07,Fraud,1
2026-09-24,08,Fraud,1
2026-09-24,08,Spam,2
2026-09-24,09,Spam,4
2026-09-24,10,Spam,7
2026-09-24,11,Spam,4
2026-09-24,11,Fraud,1
2026-09-24,12,Spam,1
2026-09-24,13,Spam,3
2026-09-24,14,Spam,4
2026-09-24,14,Fraud,2
2026-09-24,15,Spam,3
2026-09-24,15,Fraud,1
2026-09-24,16,Spam,4
2026-09-24,16,Fraud,1
2026-09-24,17,Fraud,2
2026-09-24,17,Spam,4
2026-09-24,18,Spam,1
2026-09-24,19,Spam,2
2026-09-24,20,Spam,3
2026-09-24,21,Spam,3
2026-09-24,21,Fraud,4
2026-09-24,22,Spam,7
2026-09-24,22,Fraud,1
2026-09-24,23,Spam,5
2026-09-24,23,Fraud,1
2026-09-25,00,Fraud,2
2026-09-25,00,Spam,4
2026-09-25,01,Spam,6
2026-09-25,02,Spam,7
2026-09-25,02,Fraud,2
2026-09-25,03,Fraud,1
2026-09-25,03,Spam,3
2026-09-25,04,Spam,8
2026-09-25,04,Fraud,1
2026-09-25,05,Fraud,1
2026-09-25,05,Spam,2
2026-09-25,06,Spam,2
2026-09-25,06,Fraud,1
2026-09-25,07,Spam,2
2026-09-25,08,Spam,4
2026-09-25,08,Fraud,1
2026-09-25,09,Spam,4
2026-09-25,10,Fraud,1
2026-09-25,10,Spam,2
2026-09-25,11,Spam,3
2026-09-25,11,Fraud,1
2026-09-25,12,Fraud,3
2026-09-25,12,Spam,2
2026-09-25,13,Spam,4
2026-09-25,14,Spam,4
2026-09-25,14,Fraud,1
2026-09-25,15,Fraud,3
2026-09-25,15,Spam,4
2026-09-25,16,Spam,7
2026-09-25,16,Fraud,3
2026-09-25,17,Spam,4
2026-09-25,18,Spam,6
2026-09-25,19,Spam,13
2026-09-25,19,Fraud,2
2026-09-25,20,Spam,4
2026-09-25,20,Fraud,1
2026-09-25,21,Spam,2
2026-09-25,21,Fraud,1
2026-09-25,22,Spam,9
2026-09-25,22,Fraud,1
2026-09-25,23,Spam,1
2026-09-26,00,Spam,4
2026-09-26,01,Spam,6
2026-09-26,01,Fraud,2
2026-09-26,02,Spam,5
2026-09-26,02,Fraud,1
2026-09-26,03,Spam,1
2026-09-26,04,Spam,2
2026-09-26,05,Spam,3
2026-09-26,06,Spam,4
2026-09-26,07,Spam,4
