keyword,rule_pred_label,keyword_count
free,Spam,235
bank,Spam,187
bank,Fraud,144
verify,Spam,133
offer,Spam,133
claim,Spam,121
discount,Spam,102
verify,Fraud,93
refund,Fraud,92
sbi,Spam,86
urgent,Spam,85
alert,Fraud,81
alert,Spam,79
tax,Spam,72
refund,Spam,72
tax,Fraud,69
won,Fraud,65
urgent,Fraud,58
loan,Spam,55
otp,Spam,52
paytm,Spam,52
income,Spam,49
claim,Fraud,47
income,Fraud,46
kyc,Spam,46
hdfc,Fraud,40
kyc,Fraud,40
jackpot,Spam,40
kbc,Fraud,38
suspended,Spam,31
free,Fraud,25
won,Spam,24
sbi,Fraud,23
suspended,Fraud,20
winner,Fraud,19
blocked,Spam,18
offer,Fraud,18
unauthorized,Spam,16
loan,Fraud,8
discount,Fraud,7
unauthorized,Fraud,4
blocked,Fraud,4
